{"passenger_count":2.0,"pickup_longitude":-73.9940185547,"pickup_latitude":40.7510490417,"dropoff_longitude":-73.9792404175,"dropoff_latitude":40.7626876831,"month":5.0,"hour":14.0,"dayofweek":3.0,"distance":1.795614027}